Timestamp,Location,GDP (Millions of USD),GDP per Capita (nearest USD),Year,Month,Weekday,Latitude,Longitude,Depth (km),Magnitude,Over Land?,Type of Earthquake,Plate #1,Plate #2,Tsunami?,Death Toll,Injury Toll
2002-11-03T22:12:41.518Z,US - Alaska,"$29,757","$46,352",2002,11,Sunday,63.5141,-147.4529,4.2,7.9,TRUE,Strike-Slip Faulting,North American,Pacific,FALSE,0,1
2019-07-06T03:19:53.040Z,US - California,"$3,052,645","$77,404",2019,7,Saturday,35.7695,-117.5993333,8,7.1,TRUE,Strike-Slip Faulting,North American,Pacific,FALSE,0,5
2015-04-25T06:11:25.950Z,Nepal,"$24,400",$902,2015,4,Saturday,28.2305,84.7314,8.22,7.8,TRUE,Thrust Faulting,Eurasian,Indian,FALSE,"8,776","19,009"
2013-01-05T08:58:14.957Z,US - Alaska,"$57,248","$77,611",2013,1,Saturday,55.228,-134.8591,8.7,7.5,FALSE,Strike-Slip Faulting,North American,Pacific,TRUE,0,0
2011-01-13T16:16:41.540Z,FR - New Caledonia,"$10,400","$40,698",2011,1,Thursday,-20.628,168.471,9,7,FALSE,Normal Faulting,Australian,Pacific,FALSE,0,0
2010-04-04T22:40:42.360Z,Mexico,"$1,060,000","$9,271",2010,4,Sunday,32.2861667,-115.2953333,9.987,7.2,TRUE,Strike-Slip Faulting,North American,Pacific,FALSE,2,233
2021-08-14T12:29:08.454Z,Haiti,"$14,500","$1,272",2021,8,Saturday,18.4335,-73.4822,10,7.2,TRUE,Oblique Reverse Faulting,North American,Caribbean,TRUE,"2,248","12,763"
2021-05-21T18:04:13.565Z,China,"$14,700,000","$10,435",2021,5,Friday,34.5983,98.2513,10,7.3,TRUE,Strike-Slip Faulting,Eurasian,Indian,FALSE,0,19
2021-02-10T13:19:55.530Z,FR - New Caledonia,"$9,440","$34,789",2021,2,Wednesday,-23.0511,171.6566,10,7.7,FALSE,Thrust Faulting,Australian,Pacific,TRUE,0,0
2020-06-18T12:49:53.844Z,New Zealand,"$211,000","$41,441",2020,6,Thursday,-33.2927,-177.8571,10,7.4,FALSE,Strike-Slip Faulting,Australian,Pacific,FALSE,0,0
2019-05-14T12:58:25.939Z,Papua New Guinea,"$24,800","$2,820",2019,5,Tuesday,-4.051,152.5967,10,7.6,FALSE,Strike-Slip Faulting,Australian,Pacific,FALSE,0,1
2018-12-05T04:18:08.420Z,FR - New Caledonia,"$9,850","$36,382",2018,12,Wednesday,-21.9496,169.4266,10,7.5,FALSE,Normal Faulting,Australian,Pacific,TRUE,0,0
2017-11-19T22:43:29.250Z,FR - New Caledonia,"$9,170","$33,977",2017,11,Sunday,-21.3246,168.6715,10,7,FALSE,Normal Faulting,Australian,Pacific,FALSE,0,0
2017-07-17T23:34:13.740Z,Russia,"$1,570,000","$10,720",2017,7,Monday,54.4434,168.857,10,7.7,FALSE,Transform Faulting,North American,Pacific,FALSE,0,0
2016-08-29T04:29:57.860Z,"UK - Saint Helena, Ascension, and Tristan da Cunha",$31,"$7,800",2016,8,Monday,-0.0456,-17.8255,10,7.1,FALSE,Strike-Slip Faulting,South American,African,FALSE,0,0
2016-04-15T16:25:06.220Z,Japan,"$5,000,000","$39,401",2016,4,Friday,32.7906,130.7543,10,7,TRUE,Strike-Slip Faulting,Philippine,Amur,FALSE,40,"2,021"
2015-06-17T12:51:32.790Z,"UK - Saint Helena, Ascension, and Tristan da Cunha",$31,"$7,800",2015,6,Wednesday,-35.3639,-17.1605,10,7,FALSE,Strike-Slip Faulting,South American,African,FALSE,0,0
2010-01-03T22:36:25.640Z,Solomon Islands,$847,"$1,604",2010,1,Sunday,-8.783,157.354,10,7.1,FALSE,Thrust Faulting,Australian,Pacific,TRUE,0,0
2008-03-20T22:32:57.930Z,China,"$4,590,000","$3,468",2008,3,Thursday,35.49,81.467,10,7.2,TRUE,Normal Faulting,Eurasian,Indian,FALSE,0,0
2007-09-30T05:23:34.070Z,New Zealand,"$137,000","$32,480",2007,9,Sunday,-49.271,164.115,10,7.4,FALSE,Thrust Faulting,Australian,Pacific,FALSE,0,0
2007-01-13T04:23:21.160Z,Russia,"$1,300,000","$9,101",2007,1,Saturday,46.243,154.524,10,8.1,FALSE,Normal Faulting,Okhotsk,Pacific,TRUE,0,0
2006-12-26T12:26:21.140Z,Taiwan,"$386,450","$16,893",2006,12,Tuesday,21.799,120.547,10,7.1,FALSE,Normal Faulting,Philippine,Yangtze,FALSE,2,40
2006-11-15T11:14:13.570Z,Russia,"$990,000","$6,920",2006,11,Wednesday,46.592,153.266,10,8.3,FALSE,Thrust Faulting,Okhotsk,Pacific,TRUE,0,1
2004-12-23T14:59:04.410Z,New Zealand,"$104,000","$25,420",2004,12,Thursday,-49.312,161.345,10,8.1,FALSE,Strike-Slip Faulting,Australian,Pacific,TRUE,0,0
2004-11-26T02:25:03.310Z,Indonesia,"$257,000","$1,150",2004,11,Friday,-3.609,135.404,10,7.1,TRUE,Other,Australian,Sunda,FALSE,32,130
2004-11-22T20:26:23.900Z,New Zealand,"$104,000","$25,420",2004,11,Monday,-46.676,164.721,10,7.1,FALSE,Reverse Faulting,Australian,Pacific,FALSE,0,0
2004-11-11T21:26:41.150Z,Indonesia,"$257,000","$1,150",2004,11,Thursday,-8.152,124.868,10,7.5,FALSE,Thrust Faulting,Australian,Sunda,FALSE,34,400
2004-09-05T14:57:18.610Z,Japan,"$4,890,000","$38,299",2004,9,Sunday,33.184,137.071,10,7.4,FALSE,Oblique Reverse Faulting,Philippine,Amur,TRUE,0,40
2003-12-27T16:00:59.450Z,FR - New Caledonia,"$4,920","$21,817",2003,12,Saturday,-22.015,169.766,10,7.3,FALSE,Thrust Faulting,Australian,Pacific,TRUE,0,0
2003-10-31T01:06:28.280Z,Japan,"$4,520,000","$35,387",2003,10,Friday,37.812,142.619,10,7,FALSE,Thrust Faulting,North American,Pacific,TRUE,0,0
2003-07-15T20:27:50.530Z,Maldives,"$1,050","$3,476",2003,7,Tuesday,-2.598,68.382,10,7.6,FALSE,Transform Faulting,Somali,Indian,FALSE,0,0
2002-10-10T10:50:20.570Z,Indonesia,"$196,000",$900,2002,10,Thursday,-1.757,134.297,10,7.6,FALSE,Strike-Slip Faulting,Philippine,Pacific,FALSE,8,632
2001-12-12T14:02:35.040Z,Australia,"$379,000","$19,527",2001,12,Wednesday,-42.813,124.688,10,7.1,FALSE,Strike-Slip Faulting,Australian,Antarctic,FALSE,0,0
2001-11-14T09:26:10.010Z,China,"$1,340,000","$1,053",2001,11,Wednesday,35.946,90.541,10,7.8,TRUE,Strike-Slip Faulting,Eurasian,Indian,FALSE,0,0
2000-06-18T14:44:13.310Z,Australia,"$416,000","$21,698",2000,6,Sunday,-13.802,97.453,10,7.9,FALSE,Strike-Slip Faulting,Australian,Sunda,TRUE,0,0
2015-07-18T02:27:33.820Z,Solomon Islands,"$1,310","$2,167",2015,7,Saturday,-10.4012,165.1409,11,7,FALSE,Normal Faulting,Australian,Pacific,TRUE,0,0
2006-02-22T22:19:07.800Z,Mozambique,"$9,180",$435,2006,2,Wednesday,-21.324,33.583,11,7,TRUE,Normal Faulting,Somali,African,FALSE,4,36
2005-11-14T21:38:51.420Z,Japan,"$4,830,000","$37,813",2005,11,Monday,38.107,144.896,11,7,FALSE,Normal Faulting,North American,Pacific,TRUE,0,0
2013-11-25T06:27:33.300Z,UK - Falkland Islands,$168,"$60,000",2013,11,Monday,-53.9451,-55.0033,11.78,7,FALSE,Strike-Slip Faulting,South American,Scotia,FALSE,0,0
2010-09-03T16:35:47.770Z,New Zealand,"$147,000","$33,677",2010,9,Friday,-43.522,171.83,12,7,TRUE,Strike-Slip Faulting,Australian,Pacific,FALSE,0,2
2009-07-15T09:22:29.030Z,New Zealand,"$121,000","$28,209",2009,7,Wednesday,-45.762,166.562,12,7.8,FALSE,Thrust Faulting,Australian,Pacific,TRUE,0,0
2012-04-12T07:15:48.500Z,Mexico,"$1,200,000","$10,242",2012,4,Thursday,28.696,-113.104,13,7,FALSE,Transform Faulting,North American,Pacific,FALSE,0,0
2010-01-12T21:53:10.060Z,Haiti,"$11,900","$1,192",2010,1,Tuesday,18.443,-72.571,13,7,TRUE,Strike-Slip Faulting,North American,Caribbean,TRUE,"316,000","300,000"
2002-09-08T18:44:23.710Z,Papua New Guinea,"$3,000",$492,2002,9,Sunday,-3.302,142.945,13,7.6,FALSE,Reverse Faulting,Australian,Pacific,TRUE,4,70
2012-10-28T03:04:08.820Z,Canada,"$1,830,000","$52,669",2012,10,Sunday,52.788,-132.101,14,7.8,FALSE,Oblique Thrust Faulting,North American,Pacific,TRUE,0,0
2010-12-21T17:19:40.660Z,Japan,"$5,760,000","$44,968",2010,12,Tuesday,26.901,143.698,14,7.4,FALSE,Normal Faulting,Philippine,Pacific,FALSE,0,0
2018-01-23T09:31:40.890Z,US - Alaska,"$54,712","$74,274",2018,1,Tuesday,56.0039,-149.1658,14.06,7.9,FALSE,Strike-Slip Faulting,North American,Pacific,FALSE,0,0
2020-01-28T19:10:24.918Z,Jamaica,"$13,800","$4,665",2020,1,Tuesday,19.4193,-78.756,14.86,7.7,FALSE,Strike-Slip Faulting,North American,Caribbean,FALSE,0,0
2013-09-24T11:29:47.970Z,Pakistan,"$231,000","$1,209",2013,9,Tuesday,26.951,65.5009,15,7.7,TRUE,Oblique Strike-Slip Faulting,Eurasian,Indian,FALSE,825,700
2004-11-15T09:06:56.560Z,Colombia,"$117,000","$2,783",2004,11,Monday,4.695,-77.508,15,7.2,FALSE,Thrust Faulting,South American,Nazca,FALSE,0,13
2016-11-13T11:02:56.340Z,New Zealand,"$189,000","$40,080",2016,11,Sunday,-42.7373,173.054,15.11,7.8,TRUE,Oblique Reverse Faulting,Australian,Pacific,TRUE,2,57
2010-12-25T13:16:37.000Z,Vanuatu,$671,"$2,839",2010,12,Saturday,-19.702,167.947,16,7.3,FALSE,Normal Faulting,Australian,Pacific,FALSE,0,0
2008-04-12T00:30:12.600Z,Australia,"$1,060,000","$49,655",2008,4,Saturday,-55.664,158.453,16,7.1,FALSE,Reverse Faulting,Australian,Pacific,FALSE,0,0
2005-07-24T15:42:06.210Z,India,"$820,000",$715,2005,7,Sunday,7.92,92.19,16,7.2,FALSE,Strike-Slip Faulting,Burma,Indian,FALSE,0,0
2005-06-15T02:50:54.190Z,US - California,"$1,698,560","$47,485",2005,6,Wednesday,41.292,-125.953,16,7.2,FALSE,Strike-Slip Faulting,North American,Juan de Fuca,TRUE,0,0
2003-09-27T11:33:25.080Z,Russia,"$430,000","$2,975",2003,9,Saturday,50.038,87.813,16,7.3,TRUE,Strike-Slip Faulting,Eurasian,Indian,FALSE,3,5
2001-01-26T03:16:40.500Z,India,"$485,000",$452,2001,1,Friday,23.419,70.232,16,7.7,TRUE,Oblique Reverse Faulting,Eurasian,Indian,FALSE,"20,023","166,836"
2021-12-14T03:20:24.009Z,Indonesia,"$1,060,000","$3,870",2021,12,Tuesday,-7.6302,122.2311,16.08,7.3,FALSE,Strike-Slip Faulting,Australian,Sunda,FALSE,1,96
2016-08-12T01:26:36.280Z,FR - New Caledonia,"$8,720","$32,391",2016,8,Friday,-22.4765,173.1167,16.37,7.2,FALSE,Strike-Slip Faulting,Australian,Pacific,FALSE,0,0
2014-10-09T02:14:31.440Z,Chile,"$261,000","$14,671",2014,10,Thursday,-32.1082,-110.8112,16.54,7,FALSE,Oblique Reverse Faulting,Nazca,Pacific,TRUE,0,0
2018-12-20T17:01:55.150Z,Russia,"$1,660,000","$11,287",2018,12,Thursday,55.0999,164.6993,16.56,7.3,FALSE,Other,North American,Pacific,FALSE,0,0
2004-02-05T21:05:02.840Z,Indonesia,"$257,000","$1,150",2004,2,Thursday,-3.615,135.538,16.6,7,TRUE,Oblique Normal Faulting,Australian,Sunda,FALSE,37,682
2015-02-13T18:59:12.230Z,Greenland,"$2,500","$44,536",2015,2,Friday,52.6487,-31.9016,16.68,7.1,FALSE,Strike-Slip Faulting,North American,Eurasian,FALSE,0,0
2011-07-06T19:03:18.260Z,New Zealand,"$168,000","$38,388",2011,7,Wednesday,-29.539,-176.34,17,7.6,FALSE,Normal Faulting,Australian,Pacific,FALSE,0,0
2009-01-03T19:43:50.650Z,Indonesia,"$540,000","$2,261",2009,1,Saturday,-0.414,132.885,17,7.7,FALSE,Thrust Faulting,Philippine,Pacific,TRUE,5,250
2011-10-23T10:41:23.250Z,Turkey,"$839,000","$11,421",2011,10,Sunday,38.721,43.508,18,7.1,TRUE,Oblique Reverse Faulting,Eurasian,Arabian,FALSE,604,"2,608"
2010-06-16T03:16:27.550Z,Indonesia,"$755,000","$3,122",2010,6,Wednesday,-2.174,136.543,18,7,FALSE,Strike-Slip Faulting,Australian,Sunda,FALSE,17,0
2009-09-29T17:48:10.990Z,Samoa,$585,"$3,168",2009,9,Tuesday,-15.489,-172.095,18,8.1,FALSE,Normal Faulting,Australian,Pacific,TRUE,192,7
2019-07-14T09:10:51.523Z,Indonesia,"$1,120,000","$4,135",2019,7,Sunday,-0.5858,128.034,18.98,7.2,TRUE,Strike-Slip Faulting,Philippine,Sunda,TRUE,14,129
2018-01-10T02:51:33.290Z,Honduras,"$23,900","$2,493",2018,1,Wednesday,17.4825,-83.52,19,7.5,FALSE,Strike-Slip Faulting,North American,Caribbean,TRUE,0,0
2017-11-12T18:18:17.180Z,Iran,"$445,000","$5,520",2017,11,Sunday,34.9109,45.9592,19,7.3,TRUE,Oblique Thrust Faulting,Eurasian,Arabian,FALSE,630,"7,103"
2016-09-01T16:37:57.300Z,New Zealand,"$189,000","$40,080",2016,9,Thursday,-37.3586,179.1461,19,7,FALSE,Oblique Normal Faulting,Australian,Pacific,FALSE,0,0
2012-01-10T18:36:59.080Z,Indonesia,"$918,000","$3,694",2012,1,Tuesday,2.433,93.21,19,7.2,FALSE,Strike-Slip Faulting,Australian,Indian,FALSE,0,0
2009-05-28T08:24:46.560Z,Honduras,"$14,500","$1,777",2009,5,Thursday,16.731,-86.217,19,7.3,FALSE,Strike-Slip Faulting,North American,Caribbean,FALSE,7,40
2008-05-12T06:28:01.570Z,China,"$4,590,000","$3,468",2008,5,Monday,31.002,103.322,19,7.9,TRUE,Oblique Reverse Faulting,Eurasian,Indian,FALSE,"69,195","374,177"
2013-10-15T00:12:32.050Z,Philippines,"$284,000","$2,871",2013,10,Tuesday,9.8796,124.1167,19.04,7.1,TRUE,Reverse Faulting,Philippine,Sunda,FALSE,222,976
2021-09-08T01:47:47.437Z,Mexico,"$1,070,000","$8,329",2021,9,Wednesday,16.9465,-99.753,20,7,TRUE,Thrust Faulting,North American,Cocos,TRUE,12,23
2020-06-23T15:29:04.350Z,Mexico,"$1,070,000","$8,329",2020,6,Tuesday,15.8861,-96.0077,20,7.4,TRUE,Reverse Faulting,North American,Cocos,FALSE,10,24
2018-09-28T10:02:45.250Z,Indonesia,"$1,040,000","$3,894",2018,9,Friday,-0.2559,119.8462,20,7.5,TRUE,Strike-Slip Faulting,Australian,Sunda,TRUE,"2,077","4,438"
2012-04-11T08:38:36.720Z,Indonesia,"$918,000","$3,694",2012,4,Wednesday,2.327,93.063,20,8.6,FALSE,Strike-Slip Faulting,Australian,Indian,TRUE,10,12
2012-03-20T18:02:47.440Z,Mexico,"$1,200,000","$10,242",2012,3,Tuesday,16.493,-98.231,20,7.4,TRUE,Thrust Faulting,North American,Cocos,FALSE,2,13
2009-02-11T17:34:50.490Z,Indonesia,"$540,000","$2,261",2009,2,Wednesday,3.886,126.387,20,7.2,FALSE,Reverse Faulting,Philippine,Sunda,FALSE,0,64
2006-07-17T08:19:26.680Z,Indonesia,"$365,000","$1,590",2006,7,Monday,-9.284,107.419,20,7.7,FALSE,Thrust Faulting,Australian,Sunda,TRUE,665,"9,275"
2010-10-25T14:42:22.460Z,Indonesia,"$755,000","$3,122",2010,10,Monday,-3.487,100.082,20.1,7.8,FALSE,Thrust Faulting,Australian,Sunda,TRUE,445,498
2016-04-16T23:58:36.980Z,Ecuador,"$99,900","$6,060",2016,4,Saturday,0.3819,-79.9218,20.59,7.8,TRUE,Thrust Faulting,South American,Nazca,TRUE,668,"27,732"
2020-10-30T11:51:27.348Z,Turkey,"$720,000","$8,536",2020,10,Friday,37.8973,26.7838,21,7,FALSE,Normal Faulting,Anatolian,Aegean,TRUE,119,"1,053"
2002-01-02T17:22:48.760Z,Vanuatu,$263,"$1,354",2002,1,Wednesday,-17.6,167.856,21,7.2,FALSE,Oblique Reverse Faulting,Australian,Pacific,FALSE,0,0
2018-08-29T03:51:56.100Z,FR - New Caledonia,"$9,850","$36,382",2018,8,Wednesday,-22.0295,170.1262,21.43,7.1,FALSE,Thrust Faulting,Australian,Pacific,TRUE,0,0
2018-02-16T23:39:39.280Z,Mexico,"$1,220,000","$9,687",2018,2,Friday,16.3855,-97.9787,22,7.2,TRUE,Thrust Faulting,North American,Cocos,FALSE,0,4
2015-12-07T07:50:05.950Z,Tajikistan,"$8,270",$978,2015,12,Monday,38.2107,72.7797,22,7.2,TRUE,Strike-Slip Faulting,Eurasian,Indian,FALSE,2,13
2008-07-19T02:39:28.700Z,Japan,"$5,110,000","$39,876",2008,7,Saturday,37.552,142.214,22,7,FALSE,Thrust Faulting,North American,Pacific,FALSE,0,0
2007-01-21T11:27:45.060Z,Indonesia,"$432,000","$1,860",2007,1,Sunday,1.065,126.282,22,7.5,FALSE,Reverse Faulting,Philippine,Sunda,FALSE,4,4
2006-04-20T23:25:02.150Z,Russia,"$990,000","$6,920",2006,4,Thursday,60.949,167.089,22,7.6,TRUE,Reverse Faulting,North American,Okhotsk,FALSE,0,40
2015-09-16T22:54:32.860Z,Chile,"$244,000","$13,574",2015,9,Wednesday,-31.5729,-71.6744,22.44,8.3,FALSE,Thrust Faulting,South American,Nazca,TRUE,15,34
2014-04-12T20:14:39.300Z,Solomon Islands,"$1,340","$2,275",2014,4,Saturday,-11.2701,162.1481,22.56,7.6,FALSE,Strike-Slip Faulting,Australian,Pacific,FALSE,0,0
2010-02-27T06:34:11.530Z,Chile,"$219,000","$12,808",2010,2,Saturday,-36.122,-72.898,22.9,8.8,FALSE,Thrust Faulting,South American,Nazca,TRUE,523,"12,000"
2012-02-02T13:34:40.650Z,Vanuatu,$748,"$2,997",2012,2,Thursday,-17.827,167.133,23,7.1,FALSE,Oblique Normal Faulting,Australian,Pacific,FALSE,0,0
2011-07-10T00:57:10.800Z,Japan,"$6,230,000","$48,760",2011,7,Sunday,38.034,143.264,23,7,FALSE,Strike-Slip Faulting,North American,Pacific,FALSE,0,0
2000-10-04T16:58:44.310Z,Vanuatu,$272,"$1,471",2000,10,Wednesday,-15.421,166.91,23,7,TRUE,Reverse Faulting,Australian,Pacific,FALSE,0,0
2016-04-28T19:33:24.070Z,Vanuatu,$781,"$2,806",2016,4,Thursday,-16.0429,167.3786,24,7,TRUE,Thrust Faulting,Australian,Pacific,FALSE,0,0
2016-03-02T12:49:48.110Z,Indonesia,"$932,000","$3,563",2016,3,Wednesday,-4.9521,94.3299,24,7.8,FALSE,Strike-Slip Faulting,Australian,Indian,FALSE,0,0
2014-04-18T14:27:24.920Z,Mexico,"$1,320,000","$10,929",2014,4,Friday,17.397,-100.9723,24,7.2,TRUE,Reverse Faulting,North American,Cocos,FALSE,0,0
2013-02-06T01:12:25.830Z,Solomon Islands,"$1,280","$2,249",2013,2,Wednesday,-10.799,165.114,24,8,FALSE,Thrust Faulting,Australian,Pacific,TRUE,10,18
2012-11-07T16:35:46.930Z,Guatemala,"$49,600","$3,355",2012,11,Wednesday,13.988,-91.895,24,7.4,FALSE,Thrust Faulting,North American,Cocos,TRUE,48,155
2011-01-02T20:20:17.780Z,Chile,"$252,000","$14,637",2011,1,Sunday,-38.355,-73.326,24,7.2,TRUE,Thrust Faulting,South American,Nazca,FALSE,0,0
2009-08-10T19:55:38.730Z,Myanmar,"$5,580,000","$111,128",2009,8,Monday,14.099,92.902,24,7.5,FALSE,Normal Faulting,Burma,Indian,FALSE,0,0
2007-04-01T20:39:58.710Z,Solomon Islands,$620,"$1,260",2007,4,Sunday,-8.466,157.043,24,8.1,FALSE,Thrust Faulting,Australian,Pacific,TRUE,54,0
2003-01-22T02:06:34.610Z,Mexico,"$729,000","$7,075",2003,1,Wednesday,18.77,-104.104,24,7.6,FALSE,Thrust Faulting,North American,Cocos,TRUE,29,300
2014-04-01T23:46:47.260Z,Chile,"$261,000","$14,671",2014,4,Tuesday,-19.6097,-70.7691,25,8.2,FALSE,Thrust Faulting,South American,Nazca,TRUE,6,0
2010-08-10T05:23:44.980Z,Vanuatu,$671,"$2,839",2010,8,Tuesday,-17.541,168.069,25,7.3,FALSE,Reverse Faulting,Australian,Pacific,TRUE,0,0
2010-02-26T20:31:26.970Z,Japan,"$5,760,000","$44,968",2010,2,Friday,25.93,128.425,25,7,FALSE,Strike-Slip Faulting,Philippine,Okinawa,FALSE,0,0
2009-02-18T21:53:45.160Z,New Zealand,"$121,000","$28,209",2009,2,Wednesday,-27.424,-176.33,25,7,FALSE,Strike-Slip Faulting,Australian,Pacific,FALSE,0,0
2008-02-25T08:36:33.030Z,Indonesia,"$510,000","$2,167",2008,2,Monday,-2.486,99.972,25,7.2,FALSE,Thrust Faulting,Australian,Sunda,FALSE,0,0
2018-02-25T17:44:44.140Z,Papua New Guinea,"$24,100","$2,801",2018,2,Sunday,-6.0699,142.7536,25.21,7.5,TRUE,Thrust Faulting,Australian,Pacific,FALSE,125,500
2010-09-29T17:11:25.940Z,Indonesia,"$755,000","$3,122",2010,9,Wednesday,-4.963,133.76,26,7,FALSE,Normal Faulting,Australian,Sunda,FALSE,0,0
2008-02-20T08:08:30.520Z,Indonesia,"$510,000","$2,167",2008,2,Wednesday,2.768,95.964,26,7.4,TRUE,Thrust Faulting,Australian,Sunda,FALSE,3,25
2005-10-08T03:50:40.800Z,Pakistan,"$120,000",$749,2005,10,Saturday,34.539,73.588,26,7.6,TRUE,Reverse Faulting,Eurasian,Indian,FALSE,"87,351","75,266"
2000-05-04T04:21:16.210Z,Indonesia,"$165,000",$780,2000,5,Thursday,-1.105,123.573,26,7.6,FALSE,Strike-Slip Faulting,Australian,Sunda,FALSE,46,264
2003-09-25T19:50:06.360Z,Japan,"$4,520,000","$35,387",2003,9,Thursday,41.815,143.91,27,8.2,FALSE,Thrust Faulting,North American,Pacific,TRUE,0,755
2020-07-22T06:12:44.810Z,US - Alaska,"$49,820","$68,138",2020,7,Wednesday,55.0715,-158.596,28,7.8,FALSE,Thrust Faulting,North American,Pacific,TRUE,0,0
2012-08-31T12:47:33.380Z,Philippines,"$262,000","$2,694",2012,8,Friday,10.811,126.638,28,7.6,FALSE,Reverse Faulting,Philippine,Sunda,TRUE,1,1
2012-08-27T04:37:19.430Z,El Salvador,"$21,400","$3,428",2012,8,Monday,12.139,-88.59,28,7.3,FALSE,Thrust Faulting,Caribbean,Cocos,TRUE,0,0
2003-08-21T12:12:49.790Z,New Zealand,"$88,300","$21,914",2003,8,Thursday,-45.104,167.144,28,7.2,TRUE,Reverse Faulting,Australian,Pacific,FALSE,0,0
2020-10-19T20:54:38.950Z,US - Alaska,"$49,820","$68,138",2020,10,Monday,54.602,-159.6258,28.37,7.6,FALSE,Strike-Slip Faulting,North American,Pacific,TRUE,0,0
2021-03-04T19:28:33.178Z,New Zealand,"$211,000","$41,441",2021,3,Thursday,-29.7228,-177.2794,28.93,8.1,FALSE,Reverse Faulting,Australian,Pacific,TRUE,0,0
2013-08-30T16:25:02.300Z,US - Alaska,"$57,248","$77,611",2013,8,Friday,51.537,-175.2297,29,7,FALSE,Thrust Faulting,North American,Pacific,FALSE,0,0
2011-03-11T05:46:24.120Z,Japan,"$6,230,000","$48,760",2011,3,Friday,38.297,142.373,29,9.1,FALSE,Thrust Faulting,North American,Pacific,TRUE,"15,705","5,314"
2008-11-16T17:02:32.700Z,Indonesia,"$510,000","$2,167",2008,11,Sunday,1.271,122.091,30,7.4,FALSE,Thrust Faulting,Australian,Sunda,FALSE,6,77
2005-03-28T16:09:36.530Z,Indonesia,"$286,000","$1,263",2005,3,Monday,2.085,97.108,30,8.6,TRUE,Thrust Faulting,Australian,Sunda,TRUE,"1,303",340
2004-12-26T00:58:53.450Z,Indonesia,"$257,000","$1,150",2004,12,Sunday,3.295,95.982,30,9.1,FALSE,Thrust Faulting,Burma,Indian,TRUE,"283,100","21,411"
2002-11-02T01:26:10.700Z,Indonesia,"$196,000",$900,2002,11,Saturday,2.824,96.085,30,7.4,FALSE,Thrust Faulting,Australian,Sunda,FALSE,3,65
2000-12-06T17:11:06.400Z,Turkmenistan,"$2,900",$643,2000,12,Wednesday,39.566,54.799,30,7,TRUE,Oblique Reverse Faulting,Eurasian,Arabian,FALSE,11,8
2012-12-07T08:18:23.130Z,Japan,"$6,270,000","$49,145",2012,12,Friday,37.89,143.949,31,7.3,FALSE,Oblique Reverse Faulting,North American,Pacific,TRUE,2,10
2010-05-27T17:14:46.570Z,Vanuatu,$671,"$2,839",2010,5,Thursday,-13.698,166.643,31,7.2,FALSE,Reverse Faulting,Australian,Pacific,FALSE,0,0
2010-04-06T22:15:01.580Z,Indonesia,"$755,000","$3,122",2010,4,Tuesday,2.383,97.048,31,7.8,FALSE,Thrust Faulting,Australian,Sunda,TRUE,0,6
2009-03-19T18:17:40.470Z,Tonga,$312,"$3,007",2009,3,Thursday,-23.043,-174.66,31,7.6,FALSE,Reverse Faulting,Australian,Pacific,TRUE,0,0
2003-05-26T19:23:27.940Z,Indonesia,"$235,000","$1,066",2003,5,Monday,2.354,128.855,31,7,FALSE,Reverse Faulting,Philippine,Sunda,FALSE,1,7
2002-03-05T21:16:09.130Z,Philippines,"$84,300","$1,036",2002,3,Tuesday,6.033,124.249,31,7.5,FALSE,Oblique Reverse Faulting,Philippine,Sunda,FALSE,15,100
2011-08-20T16:55:02.810Z,Vanuatu,$770,"$3,174",2011,8,Saturday,-18.365,168.143,32,7.2,FALSE,Thrust Faulting,Australian,Pacific,FALSE,0,0
2002-03-31T06:52:50.490Z,Taiwan,"$307,440","$13,651",2002,3,Sunday,24.279,122.179,32.8,7.1,FALSE,Reverse Faulting,Philippine,Yangtze,TRUE,5,200
2019-11-14T16:17:40.578Z,Indonesia,"$1,120,000","$4,135",2019,11,Thursday,1.6213,126.4156,33,7.1,FALSE,Reverse Faulting,Philippine,Sunda,TRUE,0,3
2011-10-21T17:57:16.100Z,New Zealand,"$168,000","$38,388",2011,10,Friday,-28.993,-176.238,33,7.4,FALSE,Reverse Faulting,Australian,Pacific,FALSE,0,0
2008-04-09T12:46:12.720Z,Vanuatu,$591,"$2,629",2008,4,Wednesday,-20.071,168.892,33,7.3,FALSE,Thrust Faulting,Australian,Pacific,FALSE,0,0
2003-11-17T06:43:06.800Z,US - Alaska,"$32,038","$49,466",2003,11,Monday,51.146,178.65,33,7.8,FALSE,Thrust Faulting,North American,Pacific,TRUE,0,0
2003-03-17T16:36:17.310Z,US - Alaska,"$32,038","$49,466",2003,3,Monday,51.272,177.978,33,7.1,FALSE,Oblique Thrust Faulting,North American,Pacific,FALSE,0,0
2003-01-20T08:43:06.070Z,Solomon Islands,$353,$789,2003,1,Monday,-10.491,160.77,33,7.3,FALSE,Oblique Reverse Faulting,Australian,Pacific,TRUE,0,0
2001-10-31T09:10:20.000Z,Papua New Guinea,"$3,080",$516,2001,10,Wednesday,-5.912,150.196,33,7,TRUE,Thrust Faulting,Australian,Pacific,FALSE,0,0
2001-10-19T03:28:44.460Z,Indonesia,"$160,000",$748,2001,10,Friday,-4.102,123.907,33,7.5,FALSE,Strike-Slip Faulting,Australian,Sunda,FALSE,0,0
2001-08-21T06:52:06.250Z,New Zealand,"$53,900","$13,883",2001,8,Tuesday,-36.813,-179.575,33,7.1,FALSE,Oblique Reverse Faulting,Australian,Pacific,FALSE,0,0
2001-06-23T20:33:14.130Z,Peru,"$52,000","$1,941",2001,6,Saturday,-16.265,-73.641,33,8.4,FALSE,Thrust Faulting,South American,Nazca,TRUE,75,"2,719"
2001-01-01T06:57:04.170Z,Philippines,"$78,900",$991,2001,1,Monday,6.898,126.579,33,7.5,FALSE,Oblique Reverse Faulting,Philippine,Sunda,FALSE,0,0
2000-11-16T04:54:56.740Z,Papua New Guinea,"$3,520",$602,2000,11,Thursday,-3.98,152.169,33,8,FALSE,Strike-Slip Faulting,Australian,Pacific,TRUE,2,0
2000-06-04T16:28:26.170Z,Indonesia,"$165,000",$780,2000,6,Sunday,-4.721,102.087,33,7.9,FALSE,Oblique Reverse Faulting,Australian,Sunda,FALSE,103,"2,174"
2000-02-25T01:43:58.640Z,Vanuatu,$272,"$1,471",2000,2,Friday,-19.528,173.818,33,7.1,FALSE,Strike-Slip Faulting,Australian,Pacific,FALSE,0,0
2007-12-19T09:30:27.930Z,US - Alaska,"$49,584","$72,929",2007,12,Wednesday,51.36,-179.509,34,7.2,FALSE,Thrust Faulting,North American,Pacific,FALSE,0,0
2007-09-12T11:10:26.830Z,Indonesia,"$432,000","$1,860",2007,9,Wednesday,-4.438,101.367,34,8.4,FALSE,Thrust Faulting,Australian,Sunda,TRUE,25,161
2007-03-25T00:40:01.610Z,Vanuatu,$516,"$2,353",2007,3,Sunday,-20.617,169.357,34,7.1,FALSE,Reverse Faulting,Australian,Pacific,TRUE,0,0
2021-07-29T06:15:49.188Z,US - Alaska,"$49,820","$68,138",2021,7,Thursday,55.3635,-157.8876,35,8.2,FALSE,Thrust Faulting,North American,Pacific,TRUE,0,0
2015-12-04T22:25:00.110Z,Australia,"$1,350,000","$56,707",2015,12,Friday,-47.6165,85.0913,35,7.1,FALSE,Oblique Normal Faulting,Australian,Antarctic,FALSE,0,0
2013-10-25T17:10:19.710Z,Japan,"$5,210,000","$40,899",2013,10,Friday,37.1557,144.6611,35,7.1,FALSE,Normal Faulting,North American,Pacific,FALSE,0,0
2012-09-05T14:42:07.800Z,Costa Rica,"$47,200","$10,075",2012,9,Wednesday,10.085,-85.315,35,7.6,TRUE,Thrust Faulting,Caribbean,Cocos,TRUE,2,20
2010-07-18T13:34:59.360Z,Papua New Guinea,"$14,300","$1,949",2010,7,Sunday,-5.931,150.59,35,7.3,TRUE,Thrust Faulting,Australian,Pacific,FALSE,0,0
2010-06-12T19:26:50.460Z,India,"$1,680,000","$1,358",2010,6,Saturday,7.881,91.936,35,7.5,FALSE,Oblique Reverse Faulting,Burma,Indian,TRUE,0,0
2009-10-07T22:18:51.240Z,Vanuatu,$593,"$2,574",2009,10,Wednesday,-12.517,166.382,35,7.8,FALSE,Reverse Faulting,Australian,Pacific,TRUE,0,0
2007-09-02T01:05:18.150Z,Solomon Islands,$620,"$1,260",2007,9,Sunday,-11.61,165.762,35,7.2,FALSE,Thrust Faulting,Australian,Pacific,FALSE,0,0
2004-10-09T21:26:53.690Z,Nicaragua,"$5,800","$1,080",2004,10,Saturday,11.422,-86.665,35,7,FALSE,Thrust Faulting,Caribbean,Cocos,FALSE,0,0
2001-02-24T07:23:48.730Z,Indonesia,"$160,000",$748,2001,2,Saturday,1.271,126.249,35,7.1,FALSE,Oblique Reverse Faulting,Philippine,Sunda,FALSE,0,0
2009-01-15T17:49:39.070Z,Russia,"$1,220,000","$8,563",2009,1,Thursday,46.857,155.154,36,7.4,FALSE,Reverse Faulting,Okhotsk,Pacific,FALSE,0,0
2008-09-29T15:19:31.590Z,New Zealand,"$133,000","$31,253",2008,9,Monday,-29.756,-177.683,36,7,FALSE,Reverse Faulting,Australian,Pacific,FALSE,0,0
2005-08-16T02:46:28.400Z,Japan,"$4,830,000","$37,813",2005,8,Tuesday,38.276,142.039,36,7.2,FALSE,Thrust Faulting,North American,Pacific,TRUE,0,56
2001-02-13T19:28:30.260Z,Indonesia,"$160,000",$748,2001,2,Tuesday,-4.68,102.562,36,7.4,FALSE,Reverse Faulting,Australian,Sunda,FALSE,0,0
2001-10-12T15:02:16.840Z,US - Guam,"$3,390","$21,594",2001,10,Friday,12.686,144.98,37,7,FALSE,Oblique Reverse Faulting,Philippine,Pacific,FALSE,0,1
2016-12-25T14:22:27.010Z,Chile,"$250,000","$13,754",2016,12,Sunday,-43.4064,-73.9413,38,7.6,FALSE,Thrust Faulting,South American,Nazca,TRUE,0,0
2010-05-09T05:59:41.620Z,Indonesia,"$755,000","$3,122",2010,5,Sunday,3.748,96.018,38,7.2,FALSE,Thrust Faulting,Burma,Sunda,FALSE,0,0
2018-10-10T20:48:20.100Z,Papua New Guinea,"$24,100","$2,801",2018,10,Wednesday,-5.7012,151.2046,39,7,TRUE,Thrust Faulting,Australian,Pacific,FALSE,0,0
2018-01-14T09:18:45.540Z,Peru,"$223,000","$6,958",2018,1,Sunday,-15.7675,-74.7092,39,7.1,FALSE,Thrust Faulting,South American,Nazca,FALSE,2,65
2007-08-15T23:40:57.890Z,Peru,"$102,000","$3,606",2007,8,Wednesday,-13.386,-76.603,39,8,FALSE,Thrust Faulting,South American,Nazca,TRUE,514,"1,090"
2004-11-28T18:32:14.130Z,Japan,"$4,890,000","$38,299",2004,11,Sunday,43.006,145.119,39,7,FALSE,Oblique Thrust Faulting,North American,Pacific,TRUE,0,24
2004-12-26T04:21:29.810Z,India,"$709,000",$628,2004,12,Sunday,6.91,92.958,39.2,7.2,FALSE,Oblique Thrust Faulting,Burma,Indian,FALSE,0,0
2016-12-08T17:38:46.280Z,Solomon Islands,"$1,380","$2,225",2016,12,Thursday,-10.6812,161.3273,40,7.8,FALSE,Oblique Reverse Faulting,Australian,Pacific,FALSE,1,0
2014-10-14T03:51:34.460Z,Nicaragua,"$11,900","$1,934",2014,10,Tuesday,12.5262,-88.1225,40,7.3,FALSE,Normal Faulting,Caribbean,Cocos,FALSE,1,0
2013-09-25T16:42:43.170Z,Peru,"$201,000","$6,757",2013,9,Wednesday,-15.8385,-74.5112,40,7.1,FALSE,Thrust Faulting,South American,Nazca,FALSE,0,0
2007-11-14T15:40:50.530Z,Chile,"$174,000","$10,502",2007,11,Wednesday,-22.247,-69.89,40,7.7,TRUE,Thrust Faulting,South American,Nazca,TRUE,2,65
2012-03-25T22:37:06.000Z,Chile,"$267,000","$15,352",2012,3,Sunday,-35.2,-72.217,40.7,7.1,TRUE,Thrust Faulting,South American,Nazca,FALSE,1,14
2015-03-29T23:48:31.010Z,Papua New Guinea,"$21,700","$2,679",2015,3,Sunday,-4.7294,152.5623,41,7.5,FALSE,Thrust Faulting,Australian,Pacific,TRUE,0,0
2011-04-07T14:32:43.290Z,Japan,"$6,230,000","$48,760",2011,4,Thursday,38.276,141.588,42,7.1,FALSE,Reverse Faulting,North American,Pacific,FALSE,2,132
2021-03-20T09:09:43.966Z,Japan,"$5,060,000","$40,193",2021,3,Saturday,38.4515,141.6477,43,7,FALSE,Thrust Faulting,Okhotsk,Pacific,FALSE,0,11
2014-04-19T13:28:00.810Z,Papua New Guinea,"$23,200","$2,921",2014,4,Saturday,-6.7547,155.0241,43.37,7.5,FALSE,Thrust Faulting,Australian,Pacific,FALSE,0,0
2021-02-13T14:07:49.797Z,Japan,"$5,060,000","$40,193",2021,2,Saturday,37.7265,141.7751,43.98,7.1,FALSE,Thrust Faulting,Okhotsk,Pacific,FALSE,1,187
2014-11-15T02:31:41.720Z,Indonesia,"$891,000","$3,492",2014,11,Saturday,1.8929,126.5217,45,7.1,FALSE,Reverse Faulting,Philippine,Sunda,FALSE,0,0
2019-06-15T22:55:04.130Z,New Zealand,"$213,000","$42,755",2019,6,Saturday,-30.6441,-178.0995,46,7.3,FALSE,Reverse Faulting,Australian,Pacific,TRUE,0,0
2009-09-02T07:55:01.050Z,Indonesia,"$540,000","$2,261",2009,9,Wednesday,-7.782,107.297,46,7,FALSE,Reverse Faulting,Australian,Sunda,TRUE,81,"1,297"
2018-11-30T17:29:29.330Z,US - Alaska,"$54,712","$74,274",2018,11,Friday,61.3464,-149.9552,46.7,7.1,TRUE,Normal Faulting,North American,Pacific,FALSE,0,117
2017-09-08T04:49:19.180Z,Mexico,"$1,160,000","$9,288",2017,9,Friday,15.0222,-93.8993,47.39,8.2,FALSE,Normal Faulting,North American,Cocos,TRUE,98,250
2017-09-19T18:14:38.090Z,Mexico,"$1,160,000","$9,288",2017,9,Tuesday,18.5499,-98.4887,48,7.1,TRUE,Normal Faulting,North American,Cocos,FALSE,362,"6,000"
2015-07-27T21:41:21.710Z,Indonesia,"$861,000","$3,332",2015,7,Monday,-2.6286,138.5277,48,7,TRUE,Reverse Faulting,Australian,Pacific,FALSE,1,0
2011-06-24T03:09:39.470Z,US - Alaska,"$56,896","$78,766",2011,6,Friday,52.05,-171.836,52,7.3,FALSE,Normal Faulting,North American,Pacific,FALSE,0,0
2015-05-05T01:44:06.380Z,Papua New Guinea,"$21,700","$2,679",2015,5,Tuesday,-5.4624,151.8751,55,7.5,TRUE,Thrust Faulting,Australian,Pacific,FALSE,0,0
2006-05-03T15:26:40.290Z,Tonga,$292,"$2,873",2006,5,Wednesday,-20.187,-174.123,55,8,FALSE,Reverse Faulting,Australian,Pacific,TRUE,0,1
2021-08-11T17:46:13.143Z,Philippines,"$361,000","$3,299",2021,8,Wednesday,6.4748,126.7151,55.14,7.1,FALSE,Other,Philippine,Sunda,TRUE,1,0
2020-03-25T02:49:21.160Z,Russia,"$1,480,000","$10,127",2020,3,Wednesday,48.9638,157.6955,57.8,7.5,FALSE,Reverse Faulting,Okhotsk,Pacific,TRUE,0,0
2001-01-13T17:33:32.380Z,El Salvador,"$12,300","$2,072",2001,1,Saturday,13.049,-88.66,60,7.7,FALSE,Normal Faulting,Caribbean,Cocos,FALSE,852,"4,723"
2018-12-29T03:39:09.740Z,Philippines,"$347,000","$3,252",2018,12,Saturday,5.8983,126.9209,60.21,7,FALSE,Other,Philippine,Sunda,FALSE,0,0
2013-04-06T04:42:35.860Z,Indonesia,"$913,000","$3,624",2013,4,Saturday,-3.517,138.476,66,7,TRUE,Oblique Normal Faulting,Australian,Pacific,FALSE,0,0
2011-01-18T20:23:23.480Z,Pakistan,"$214,000","$1,165",2011,1,Tuesday,28.777,63.951,68,7.2,TRUE,Normal Faulting,Eurasian,Arabian,FALSE,3,0
2003-05-26T09:24:33.400Z,Japan,"$4,520,000","$35,387",2003,5,Monday,38.849,141.568,68,7,TRUE,Oblique Reverse Faulting,North American,Pacific,FALSE,0,143
2020-07-17T02:50:22.178Z,Papua New Guinea,"$24,700","$2,757",2020,7,Friday,-7.836,147.7704,73,7,FALSE,Oblique Normal Faulting,Australian,Pacific,FALSE,1,1
2021-01-21T12:23:04.255Z,Philippines,"$361,000","$3,299",2021,1,Thursday,4.9931,127.5145,80,7,FALSE,Reverse Faulting,Philippine,Sunda,FALSE,0,0
2013-04-16T10:44:20.180Z,Iran,"$460,000","$6,018",2013,4,Tuesday,28.033,61.996,80,7.7,TRUE,Normal Faulting,Eurasian,Arabian,FALSE,40,327
2009-09-30T10:16:09.250Z,Indonesia,"$540,000","$2,261",2009,9,Wednesday,-0.72,99.867,81,7.6,FALSE,Oblique Reverse Faulting,Australian,Sunda,TRUE,"1,117","1,214"
2002-04-26T16:06:07.000Z,US - Guam,"$3,390","$21,594",2002,4,Friday,13.088,144.619,85.7,7.1,FALSE,Reverse Faulting,Philippine,Pacific,FALSE,0,5
2005-09-09T07:26:43.730Z,Papua New Guinea,"$4,870",$749,2005,9,Friday,-4.539,153.474,90,7.6,FALSE,Reverse Faulting,Australian,Pacific,FALSE,0,0
2016-12-17T10:51:10.500Z,Papua New Guinea,"$20,800","$2,510",2016,12,Saturday,-4.5049,153.5216,94.54,7.9,FALSE,Reverse Faulting,Australian,Pacific,FALSE,0,0
2001-01-09T16:49:28.000Z,Vanuatu,$258,"$1,363",2001,1,Tuesday,-14.928,167.17,103,7.1,FALSE,Oblique Reverse Faulting,Australian,Pacific,FALSE,0,0
2014-06-23T20:53:09.700Z,US - Alaska,"$56,485","$76,634",2014,6,Monday,51.8486,178.7352,109,7.9,FALSE,Oblique Normal Faulting,North American,Pacific,FALSE,0,0
2013-04-19T03:05:52.650Z,Russia,"$2,290,000","$15,975",2013,4,Friday,46.221,150.788,110,7.2,FALSE,Oblique Normal Faulting,North American,Pacific,TRUE,0,0
2005-09-26T01:55:37.670Z,Peru,"$76,100","$2,729",2005,9,Monday,-5.678,-76.398,115,7.5,TRUE,Normal Faulting,South American,Nazca,FALSE,5,60
2005-06-13T22:44:33.900Z,Chile,"$123,000","$7,599",2005,6,Monday,-19.987,-69.197,115.6,7.8,TRUE,Normal Faulting,South American,Nazca,FALSE,11,200
2007-08-01T17:08:51.400Z,Vanuatu,$516,"$2,353",2007,8,Wednesday,-15.595,167.68,120,7.2,FALSE,Reverse Faulting,Australian,Pacific,FALSE,0,0
2019-05-26T07:41:15.073Z,Peru,"$228,000","$7,028",2019,5,Sunday,-5.8119,-75.2697,122.57,8,TRUE,Normal Faulting,South American,Nazca,FALSE,2,30
2016-01-24T10:30:29.557Z,US - Alaska,"$50,728","$68,313",2016,1,Sunday,59.6204,-153.3392,125.6,7.1,FALSE,Strike-Slip Faulting,North American,Pacific,FALSE,0,0
2021-11-28T10:52:14.652Z,Peru,"$202,000","$6,127",2021,11,Sunday,-4.4528,-76.8109,126,7.5,TRUE,Normal Faulting,South American,Nazca,FALSE,1,17
2000-03-28T11:00:22.510Z,Japan,"$4,970,000","$39,169",2000,3,Tuesday,22.338,143.73,126.5,7.6,FALSE,Normal Faulting,Philippine,Pacifc,FALSE,0,0
2017-01-22T04:30:22.960Z,Papua New Guinea,"$22,700","$2,695",2017,1,Sunday,-6.2464,155.1718,135,7.9,TRUE,Reverse Faulting,Australian,Pacific,TRUE,3,1
2015-10-20T21:52:02.560Z,Vanuatu,$731,"$2,696",2015,10,Tuesday,-14.8595,167.3028,135,7.1,FALSE,Oblique Reverse Faulting,Australian,Pacific,FALSE,0,0
2011-12-14T05:04:58.630Z,Papua New Guinea,"$18,000","$2,407",2011,12,Wednesday,-7.551,146.809,135,7.1,TRUE,Oblique Normal Faulting,Australian,Pacific,FALSE,0,0
2020-02-13T10:33:44.406Z,Russia,"$1,480,000","$10,127",2020,2,Thursday,45.6161,148.959,143,7,FALSE,Other,Okhotsk,Pacific,FALSE,0,0
2019-02-22T10:17:23.770Z,Ecuador,"$108,000","$6,223",2019,2,Friday,-2.1862,-77.0505,145,7.5,TRUE,Normal Faulting,South American,Nazca,FALSE,1,9
2019-05-06T21:19:37.983Z,Papua New Guinea,"$24,800","$2,820",2019,5,Monday,-6.9746,146.4494,146,7.1,TRUE,Normal Faulting,Australian,Pacific,FALSE,0,0
2018-08-21T21:31:47.600Z,Venezuela,"$482,000","$16,056",2018,8,Tuesday,10.7731,-62.9019,146.82,7.3,FALSE,Oblique Reverse Faulting,South American,Caribbean,FALSE,5,1
2011-08-24T17:46:11.650Z,Peru,"$172,000","$5,869",2011,8,Wednesday,-7.641,-74.525,147,7,TRUE,Normal Faulting,South American,Nazca,FALSE,0,0
2006-05-16T10:39:23.340Z,New Zealand,"$112,000","$26,655",2006,5,Tuesday,-31.81,-179.307,152,7.4,FALSE,Reverse Faulting,Australian,Pacific,FALSE,0,0
2007-12-09T07:28:20.820Z,New Zealand,"$137,000","$32,480",2007,12,Sunday,-25.996,-177.514,152.5,7.8,FALSE,Reverse Faulting,Australian,Pacific,FALSE,0,0
2012-12-10T16:53:08.770Z,Indonesia,"$918,000","$3,694",2012,12,Monday,-6.533,129.825,155,7.1,FALSE,Strike-Slip Faulting,Australian,Sunda,FALSE,0,0
2007-11-29T19:00:20.420Z,Dominica,$421,"$5,952",2007,11,Thursday,14.944,-61.274,156,7.4,FALSE,Oblique Normal Faulting,South American,Caribbean,FALSE,1,102
2021-12-29T18:25:51.500Z,Indonesia,"$1,900","$1,443",2021,12,Wednesday,-7.5441,127.5749,160.81,7.3,FALSE,Oblique Thrust Faulting,Australian,Sunda,FALSE,0,0
2012-09-30T16:31:35.970Z,Colombia,"$371,000","$8,050",2012,9,Sunday,1.929,-76.362,170,7.3,TRUE,Normal Faulting,South American,Nazca,FALSE,0,0
2013-05-23T17:19:04.750Z,Tonga,$451,"$4,428",2013,5,Thursday,-23.009,-177.232,173.7,7.4,FALSE,Normal Faulting,Australian,Pacific,FALSE,0,0
2016-01-30T03:25:12.220Z,Russia,"$1,280,000","$8,705",2016,1,Saturday,53.9776,158.5463,177,7.2,TRUE,Oblique Normal Faulting,Okhotsk,Pacific,FALSE,0,0
2001-06-03T02:41:57.160Z,New Zealand,"$53,900","$13,883",2001,6,Sunday,-29.666,-178.633,178.1,7.2,FALSE,Oblique Reverse Faulting,Australian,Pacific,FALSE,0,0
2000-01-08T16:47:20.580Z,Tonga,$205,"$2,091",2000,1,Saturday,-16.925,-174.248,183.4,7.2,FALSE,Oblique Normal Faulting,Australian,Pacific,FALSE,0,0
2016-07-29T21:18:24.740Z,US - Northern Mariana Islands,"$1,230","$21,891",2016,7,Friday,18.5429,145.5073,196,7.7,FALSE,Oblique Reverse Faulting,Philippine,Pacific,FALSE,0,0
2005-03-02T10:42:12.230Z,Indonesia,"$286,000","$1,263",2005,3,Wednesday,-6.527,129.933,201.7,7.1,FALSE,Other,Australian,Sunda,FALSE,0,0
2010-08-12T11:54:15.580Z,Ecuador,"$69,600","$4,634",2010,8,Thursday,-1.266,-77.306,206.7,7.1,TRUE,Normal Faulting,South American,Nazca,FALSE,0,0
2007-10-31T03:30:15.960Z,US - Northern Mariana Islands,$938,"$16,988",2007,10,Wednesday,18.9,145.388,207,7.2,FALSE,Oblique Reverse Faulting,Philippine,Pacific,FALSE,0,0
2019-06-24T02:53:39.830Z,Indonesia,"$1,120,000","$4,135",2019,6,Monday,-6.4078,129.1692,212,7.3,FALSE,Strike-Slip Faulting,Australian,Sunda,FALSE,0,0
2000-05-12T18:43:18.120Z,Argentina,"$284,000","$7,708",2000,5,Friday,-23.548,-66.452,225,7.2,TRUE,Normal Faulting,South American,Nazca,FALSE,1,0
2002-03-03T12:08:19.740Z,Afghanistan,"$4,060",$179,2002,3,Sunday,36.502,70.482,225.6,7.4,TRUE,Reverse Faulting,Eurasian,Indian,FALSE,166,0
2015-10-26T09:09:42.560Z,Afghanistan,"$19,100",$556,2015,10,Monday,36.5244,70.3676,231,7.5,TRUE,Reverse Faulting,Eurasian,Indian,FALSE,395,"1,770"
2007-09-28T13:38:57.880Z,Japan,"$4,580,000","$35,779",2007,9,Friday,22.013,142.668,260,7.5,FALSE,Oblique Reverse Faulting,Philippine,Pacific,FALSE,0,0
2019-03-01T08:50:42.591Z,Peru,"$228,000","$7,028",2019,3,Friday,-14.7131,-70.1546,267,7,TRUE,Normal Faulting,South American,Nazca,FALSE,1,2
2007-08-08T17:05:04.920Z,Indonesia,"$432,000","$1,860",2007,8,Wednesday,-5.859,107.419,280,7.5,FALSE,Oblique Reverse Faulting,Australian,Sunda,FALSE,0,0
2009-08-09T10:55:55.110Z,Japan,"$5,290,000","$41,309",2009,8,Sunday,33.167,137.944,292,7.1,FALSE,Oblique Reverse Faulting,Philippine,Pacific,FALSE,0,0
2013-07-07T18:35:30.740Z,Papua New Guinea,"$21,300","$2,730",2013,7,Sunday,-3.917,153.927,385.5,7.3,FALSE,Normal Faulting,Australian,Pacific,FALSE,0,0
2000-08-06T07:27:12.900Z,Japan,"$4,970,000","$39,169",2000,8,Sunday,28.856,139.556,394.8,7.4,FALSE,Normal Faulting,Philippine,Pacific,FALSE,0,0
2006-01-27T16:58:53.670Z,Indonesia,"$365,000","$1,590",2006,1,Friday,-5.473,128.131,397,7.6,FALSE,Oblique Normal Faulting,Australian,Sunda,FALSE,0,0
2014-11-01T18:57:22.380Z,Fiji,"$4,860","$5,606",2014,11,Saturday,-19.6903,-177.7587,434,7.1,FALSE,Reverse Faulting,Australian,Pacific,FALSE,0,0
2002-11-17T04:53:53.540Z,Russia,"$345,000","$2,378",2002,11,Sunday,47.824,146.209,459.1,7.3,FALSE,Reverse Faulting,North American,Pacific,FALSE,0,0
2008-11-24T09:02:58.760Z,Russia,"$1,660,000","$11,635",2008,11,Monday,54.203,154.322,492.3,7.3,FALSE,Normal Faulting,Okhotsk,Pacific,FALSE,0,0
2005-02-05T12:23:18.940Z,Philippines,"$107,000","$1,244",2005,2,Saturday,5.293,123.337,525,7.1,FALSE,Normal Faulting,Philippine,Sunda,FALSE,2,0
2021-10-02T06:29:17.897Z,Vanuatu,$882,"$2,870",2021,10,Saturday,-21.1265,174.8958,527,7.3,FALSE,Other,Australian,Pacific,FALSE,0,0
2015-02-27T13:45:05.370Z,Indonesia,"$861,000","$3,332",2015,2,Friday,-7.2968,122.5348,552.06,7,FALSE,Oblique Strike-Slip Faulting,Australian,Sunda,FALSE,0,0
2003-06-20T06:19:38.910Z,Brazil,"$558,000","$3,070",2003,6,Friday,-7.606,-71.722,558.1,7.1,TRUE,Oblique Normal Faulting,South American,Nazca,FALSE,0,0
2004-07-15T04:27:14.730Z,Fiji,"$2,710","$3,311",2004,7,Thursday,-17.656,-178.76,565.5,7.1,FALSE,Oblique Reverse Faulting,Australian,Pacific,FALSE,0,0
2002-06-28T17:19:30.270Z,China,"$1,470,000","$1,149",2002,6,Friday,43.752,130.666,566,7.3,TRUE,Reverse Faulting,Okhotsk,Pacific,FALSE,0,0
2011-01-01T09:56:58.120Z,Argentina,"$530,000","$12,849",2011,1,Saturday,-26.803,-63.136,576.8,7,TRUE,Normal Faulting,South American,Nazca,FALSE,0,0
2010-07-23T22:51:11.840Z,Philippines,"$208,000","$2,217",2010,7,Friday,6.497,123.48,578,7.6,FALSE,Normal Faulting,Philippine,Sunda,FALSE,0,0
2002-08-19T11:01:01.190Z,Fiji,"$1,830","$2,249",2002,8,Monday,-21.696,-179.513,580,7.7,FALSE,Oblique Normal Faulting,Australian,Pacific,FALSE,0,0
2004-07-25T14:35:19.060Z,Indonesia,"$257,000","$1,150",2004,7,Sunday,-2.427,103.981,582.1,7.3,TRUE,Oblique Normal Faulting,Australian,Sunda,FALSE,0,0
2006-01-02T22:13:40.490Z,Fiji,"$3,080","$3,716",2006,1,Monday,-19.926,-178.178,582.9,7.2,FALSE,Normal Faulting,Australian,Pacific,FALSE,0,0
2012-08-14T02:59:38.460Z,Russia,"$2,210,000","$15,421",2012,8,Tuesday,49.8,145.064,583.2,7.7,FALSE,Oblique Reverse Faulting,North American,Pacific,FALSE,0,0
2009-11-09T10:44:55.110Z,Fiji,"$2,870","$3,363",2009,11,Monday,-17.239,178.331,595,7.3,FALSE,Oblique Reverse Faulting,Australian,Pacific,FALSE,0,0
2013-05-24T05:44:48.980Z,Russia,"$2,290,000","$15,975",2013,5,Friday,54.892,153.221,598.1,8.3,FALSE,Normal Faulting,North American,Pacific,FALSE,0,0
2018-08-19T00:19:40.670Z,Fiji,"$5,580","$6,317",2018,8,Sunday,-18.1125,-178.153,600,8.2,FALSE,Normal Faulting,Australian,Pacific,TRUE,0,0
2015-11-24T22:45:38.880Z,Peru,"$190,000","$6,229",2015,11,Tuesday,-10.5372,-70.9437,606.21,7.6,TRUE,Normal Faulting,South American,Nazca,FALSE,0,0
2010-07-23T22:08:11.250Z,Philippines,"$208,000","$2,217",2010,7,Friday,6.718,123.409,607.1,7.3,FALSE,Normal Faulting,Philippine,Sunda,FALSE,0,0
2000-04-23T09:27:23.320Z,Argentina,"$284,000","$7,708",2000,4,Sunday,-28.307,-62.99,608.5,7,TRUE,Normal Faulting,South American,Nazca,FALSE,0,0
2017-01-10T06:13:48.140Z,Philippines,"$328,000","$3,123",2017,1,Tuesday,4.4782,122.6171,627.17,7.3,FALSE,Reverse Faulting,Philippine,Sunda,FALSE,0,0
2018-08-24T09:04:08.250Z,Peru,"$223,000","$6,958",2018,8,Friday,-11.0355,-70.8284,630,7.1,TRUE,Normal Faulting,South American,Nazca,FALSE,0,0
2008-07-05T02:12:04.480Z,Russia,"$1,660,000","$11,635",2008,7,Saturday,53.882,152.886,632.8,7.7,FALSE,Oblique Normal Faulting,Okhotsk,Pacific,FALSE,0,0
2010-07-23T23:15:10.190Z,Philippines,"$208,000","$2,217",2010,7,Friday,6.776,123.259,640.6,7.5,FALSE,Normal Faulting,Philippine,Sunda,FALSE,0,0
2011-09-15T19:31:04.080Z,Fiji,"$3,770","$4,371",2011,9,Thursday,-21.611,-179.528,644.6,7.3,FALSE,Oblique Reverse Faulting,Australian,Pacific,FALSE,0,0
2015-05-30T11:23:02.110Z,Japan,"$4,440,000","$34,961",2015,5,Saturday,27.8386,140.4931,664,7.8,FALSE,Oblique Normal Faulting,Philippine,Pacific,FALSE,0,12